DOCUMENT_ID,TITLE,TOPIC,SOURCE_URL,CONTENT_URL
DOC001,Cloud Foundry Environment,Cloud Foundry,https://help.sap.com/docs/btp/sap-business-technology-platform/cloud-foundry-environment,https://raw.githubusercontent.com/SAP-docs/btp-cloud-platform/main/docs/10-concepts/cloud-foundry-environment-9c7092c.md
DOC002,Development in the Cloud Foundry Environment,Cloud Foundry Development,https://help.sap.com/docs/btp/sap-business-technology-platform/development-in-cloud-foundry-environment,https://raw.githubusercontent.com/SAP-docs/btp-cloud-platform/main/docs/30-development/development-in-the-cloud-foundry-environment-40a8f8f.md
DOC003,Deploying to the Cloud Foundry Environment,Deployment,https://help.sap.com/docs/btp/sap-business-technology-platform/deploying-to-cloud-foundry-environment,https://raw.githubusercontent.com/SAP-docs/btp-cloud-platform/main/docs/30-development/deploying-to-the-cloud-foundry-environment-2a21055.md
DOC004,Using Services in the Cloud Foundry Environment,Services,https://help.sap.com/docs/BTP/65de2977205c403bbc107264b8eccf4b/f22029f0e7404448ab65f71ff5b0804d.html,https://raw.githubusercontent.com/SAP-docs/btp-cloud-platform/main/docs/30-development/using-services-in-the-cloud-foundry-environment-f22029f.md
DOC005,Bind an Application to a Service,Service Bindings,https://help.sap.com/docs/btp/sap-business-technology-platform/bind-application-to-service?locale=enUS,https://raw.githubusercontent.com/SAP-docs/btp-cloud-platform/main/docs/50-administration-and-ops/bind-an-application-to-a-service-6eb987f.md
DOC006,Manage Environment Variables,Environment Variables,https://help.sap.com/docs/btp/sap-business-technology-platform/manage-environment-variables?locale=enUS,https://raw.githubusercontent.com/SAP-docs/btp-cloud-platform/main/docs/50-administration-and-ops/manage-environment-variables-9984a29.md
DOC007,Create Routes,Routes,https://help.sap.com/docs/btp/sap-business-technology-platform/create-routes,https://raw.githubusercontent.com/SAP-docs/btp-cloud-platform/main/docs/50-administration-and-ops/create-routes-9fddeea.md
DOC008,SAP HDI Administration at a Glance,HDI,https://help.sap.com/docs/hana-cloud-database/sap-hana-cloud-sap-hana-database-administration-guide/sap-hdi-administration-at-glance?locale=en-US&state=PRODUCTION&version=latest,
DOC009,Managing Spaces,Cloud Foundry Administration,https://help.sap.com/docs/btp/sap-business-technology-platform/managing-spaces,https://raw.githubusercontent.com/SAP-docs/btp-cloud-platform/main/docs/50-administration-and-ops/managing-spaces-5209d55.md
DOC010,About Roles in the Cloud Foundry Environment,Security and Roles,https://help.sap.com/docs/BTP/65de2977205c403bbc107264b8eccf4b/09076385086b4da3bd1808d5ef572862.html,https://raw.githubusercontent.com/SAP-docs/btp-cloud-platform/main/docs/50-administration-and-ops/about-roles-in-the-cloud-foundry-environment-0907638.md
DOC011,Using Application Logs,Monitoring and Troubleshooting,https://help.sap.com/docs/btp/sap-business-technology-platform/using-application-logs,https://raw.githubusercontent.com/SAP-docs/btp-cloud-platform/main/docs/50-administration-and-ops/using-application-logs-4c403b5.md
DOC012,Using Application Events,Monitoring and Troubleshooting,https://help.sap.com/docs/btp/sap-business-technology-platform/using-application-events,https://raw.githubusercontent.com/SAP-docs/btp-cloud-platform/main/docs/50-administration-and-ops/using-application-events-f086817.md
DOC013,Service Keys,Services,https://help.sap.com/docs/btp/sap-business-technology-platform/service-keys?locale=en-us,https://raw.githubusercontent.com/SAP-docs/btp-cloud-platform/main/docs/30-development/service-keys-32297f1.md
DOC014,Managing Space Quotas,Cloud Foundry Administration,https://help.sap.com/docs/btp/sap-business-technology-platform/managing-space-quota-plans?source=redirect,https://raw.githubusercontent.com/SAP-docs/btp-cloud-platform/main/docs/50-administration-and-ops/managing-space-quotas-4e5f0ee.md
DOC015,Security Groups,Security and Networking,https://help.sap.com/docs/btp/sap-business-technology-platform/security-groups,https://raw.githubusercontent.com/SAP-docs/btp-cloud-platform/main/docs/50-administration-and-ops/security-groups-6548232.md
DOC016,Application Routes and Destinations,Connectivity,https://help.sap.com/docs/btp/sap-business-technology-platform/application-routes-and-destinations,https://raw.githubusercontent.com/SAP-docs/btp-cloud-platform/main/docs/30-development/application-routes-and-destinations-3cc788e.md
