QUERY_ID,QUESTION,PRIMARY_OUTCOME,PRIMARY_CONTEXT_DOCUMENT_IDS,RETRY_OUTCOME,RETRY_GEMINI_ANSWER_OR_REFUSAL,RETRY_PROVIDER_ERROR,RETRY_GENERATION_MS
RAGDEV008,Which roles documentation should I consult before assigning different Cloud Foundry permissions to organization administrators and space developers?,PROVIDER_ERROR,DOC010;DOC007;DOC005;DOC009;DOC006,GENERATED_ANSWER,"Before assigning Cloud Foundry permissions, you should consult the following documentation:

* **""About Roles in the Cloud Foundry Environment""** [DOC010][DOC005][DOC009].

### Details from the Documentation:
* This documentation explains how Cloud Foundry roles determine the features users can access and the actions they can initiate at both the organization level and the space level [DOC010].
* It details organization-level roles, such as **Org Manager**, and space-level roles, such as **Space Developer** [DOC005][DOC009][DOC010].

* **Explicit Inference:** The term ""organization administrators"" in your query is inferred to refer to the **Org Manager** role, which is the role that manages the organization in the Cloud Foundry environment as defined in the retrieved documentation [DOC009][DOC010].

### Sources:
* **[DOC010]** ""About Roles in the Cloud Foundry Environment"": [https://help.sap.com/docs/BTP/65de2977205c403bbc107264b8eccf4b/09076385086b4da3bd1808d5ef572862.html](https://help.sap.com/docs/BTP/65de2977205c403bbc107264b8eccf4b/09076385086b4da3bd1808d5ef572862.html)
* **[DOC005]** ""Bind an Application to a Service"": [https://help.sap.com/docs/btp/sap-business-technology-platform/bind-application-to-service?locale=enUS](https://help.sap.com/docs/btp/sap-business-technology-platform/bind-application-to-service?locale=enUS)
* **[DOC009]** ""Managing Spaces"": [https://help.sap.com/docs/btp/sap-business-technology-platform/managing-spaces](https://help.sap.com/docs/btp/sap-business-technology-platform/managing-spaces)",,20371.43
RAGDEV009,"When troubleshooting, which SAP BTP documentation explains viewing recent output produced by Cloud Foundry application instances?",PROVIDER_ERROR,DOC011;DOC001;DOC004;DOC003;DOC005,GENERATED_ANSWER,"Based on the provided documentation, the SAP BTP document that explains viewing the output (logs) produced by Cloud Foundry application instances for troubleshooting is **DOC011: Using Application Logs**.

According to this document:
* The **Logs** page at the application level in the SAP BTP cockpit displays application logs and logs generated by various Cloud Foundry components to help identify and troubleshoot application-specific problems.
* You can view details such as the **Log Type** (which can be *STDOUT* or *STDERR*) and the **Source**, which displays the Cloud Foundry component code and the specific instance number (e.g., `[APP/1]` indicates application instance 1 generated the log).

*Explicit Inference:* While the text does not use the exact phrase ""recent output,"" it is inferred that the *STDOUT* and *STDERR* log types displayed on the Logs page constitute the output produced by the application instances.

**Source Cited:**
* **[DOC011]: Using Application Logs** (Source: [https://help.sap.com/docs/btp/sap-business-technology-platform/using-application-logs](https://help.sap.com/docs/btp/sap-business-technology-platform/using-application-logs))",,10214.59
RAGDEV011,What credential artifact should I use when a service instance must be accessed without binding it to a running application?,PROVIDER_ERROR,DOC013;DOC005;DOC016;DOC004;DOC012,GENERATED_ANSWER,"Based on the provided documentation, you should use a **service key**.

According to the evidence:
* **Service Keys** are used as ""an alternative of service bindings"" so that an application can use these credentials to consume the service [DOC013].
* *Inference:* Since service keys are explicitly defined as an alternative to service bindings, they are the credential artifact used to access a service instance without binding it to a running application [DOC013].

**Citations:**
* **[DOC013]**: *Service Keys*, Source: https://help.sap.com/docs/btp/sap-business-technology-platform/service-keys?locale=en-us
* **[DOC004]**: *Using Services in the Cloud Foundry Environment*, Source: https://help.sap.com/docs/BTP/65de2977205c403bbc107264b8eccf4b/f22029f0e7404448ab65f71ff5b0804d.html",,11949.94
RAGDEV012,Which Cloud Foundry administration documentation covers limits that can be assigned to a space for resource consumption?,PROVIDER_ERROR,DOC014;DOC009;DOC020;DOC001;DOC019,GENERATED_ANSWER,"The following documentation covers the limits (quotas) that can be assigned to a space for resource consumption in the Cloud Foundry environment:

*   **Managing Space Quotas** ([DOC014](https://help.sap.com/docs/btp/sap-business-technology-platform/managing-space-quota-plans?source=redirect)): Covers ""What Is a Space Quota?"", which defines the upper resource consumption limits in a space (such as space memory, routes, service instances, memory per instance, and application instances).
*   **Entitlements and Quotas** ([DOC020](https://help.sap.com/docs/btp/sap-business-technology-platform/entitlements-and-quotas)): Explains using space quota plans to set limits on how much resource quota each space can consume within a subaccount. It also references the external Cloud Foundry administration documentation for quota plans at [https://docs.cloudfoundry.org/adminguide/quota-plans.html](https://docs.cloudfoundry.org/adminguide/quota-plans.html) *(Inference: This is the official Cloud Foundry-specific administration guide covering these limits)*.
*   **Managing Spaces** ([DOC009](https://help.sap.com/docs/btp/sap-business-technology-platform/managing-spaces)): Details how to navigate the SAP BTP cockpit to view, assign, and edit space quotas for individual spaces.",,11775.51
RAGDEV013,Which SAP BTP Cloud Foundry feature defines network traffic rules for application containers?,PROVIDER_ERROR,DOC001;DOC015;DOC003;DOC016;DOC022,GENERATED_ANSWER,"Based on the provided documentation, the SAP BTP Cloud Foundry feature that defines network traffic rules is **Security Groups** (specifically, **application security groups**). 

These represent a collection of rules that specify the protocols, ports, and IP address ranges where an application or a task instance sends traffic [DOC015].

* **Direct Evidence:** [DOC015] (https://help.sap.com/docs/btp/sap-business-technology-platform/security-groups)
* **Explicit Inference:** While the source text refers to ""an application or a task instance"" rather than explicitly using the term ""application containers,"" it is inferred that these rules apply to the application containers in which these workloads run.",,8783.66
RAGDEV014,Which topic explains how application routes can work together with destination configuration for backend access?,PROVIDER_ERROR,DOC016;DOC007;DOC015;DOC004;DOC013,GENERATED_ANSWER,"Based on the provided documentation, the topic that explains how application routes work together with destination configuration for backend access is **""Application Routes and Destinations""** [DOC016].

According to this topic:
* The `""name"":""backend""` must match the value of the `destinations` property configured for a route in the application router configuration file (`xs-app.json`).
* The destination service can provide the destination configuration and can be consumed by the application router after binding a destination service instance to it. 

**Source:**
* **[DOC016]** *Application Routes and Destinations*: https://help.sap.com/docs/btp/sap-business-technology-platform/application-routes-and-destinations",,9042.09
RAGDEV015,Which SAP BTP overview describes the platform as a basis for extension and integration across SAP landscapes?,PROVIDER_ERROR,DOC017;DOC018;DOC020;DOC002;DOC003,GENERATED_ANSWER,"Based on the provided documentation, the exact phrase ""as a basis for extension and integration across SAP landscapes"" is not explicitly present. However, the following overviews describe these capabilities:

*   **SAP Business Technology Platform (DOC017):** This overview describes SAP BTP as an offering that integrates portfolios (including integration and application development) to allow users to ""connect entire IT landscapes, and personalize, build, and extend SAP applications,"" which helps maintain SAP landscapes and third-party software across business processes. 
*   **Basic Platform Concepts (DOC018):** This overview describes SAP BTP as offering the ability to ""compose end-to-end business processes, and build and extend SAP applications quickly.""

*(Inference)* By matching the concepts of extending SAP applications and connecting IT/SAP landscapes, we can infer that the **SAP Business Technology Platform** overview (DOC017) and **Basic Platform Concepts** (DOC018) serve as the descriptions of the platform's role in extension and integration across SAP landscapes.

**Citations:**
*   **[DOC017]:** SAP Business Technology Platform (https://help.sap.com/docs/btp/sap-business-technology-platform/sap-business-technology-platform)
*   **[DOC018]:** Basic Platform Concepts (https://help.sap.com/docs/BTP/df50977d8bfa4c9a8a063ddb37113c43/38ecf59cdda64150a102cfaa62d5faab.html)",,13738.00
RAGDEV016,"Where should I look for SAP BTP terminology that defines environments, regions, accounts, entitlements, and quotas before reading service-specific guides?",PROVIDER_ERROR,DOC018;DOC020;DOC022;DOC019;DOC024,GENERATED_ANSWER,"Based on the retrieved documentation, you should look at the following resources to understand these foundational terms before proceeding with workflows or guides:

* **Basic Platform Concepts** ([DOC018](https://help.sap.com/docs/BTP/df50977d8bfa4c9a8a063ddb37113c43/38ecf59cdda64150a102cfaa62d5faab.html)): Defines subaccounts, environments (such as the Cloud Foundry environment), entitlements, quotas, and services.
* **Account Model** ([DOC019](https://help.sap.com/docs/btp/sap-business-technology-platform/account-model)): Explains global accounts, subaccounts, and regions (the physical locations hosting applications, data, or services), as well as how entitlements and quotas are assigned to subaccounts.
* **Entitlements and Quotas** ([DOC020](https://help.sap.com/docs/btp/sap-business-technology-platform/entitlements-and-quotas)): Specifically details what entitlements and quotas are, alongside service plans and services.

*(Inference)*: The **Getting Started** section ([DOC024](https://help.sap.com/docs/btp/sap-business-technology-platform/btp-getting-started)) indicates that becoming familiar with these ""basic concepts of SAP BTP"" is a prerequisite before starting your first workflows or using onboarding guides.",,20913.48
RAGDEV019,How do I configure a build pipeline in SAP Continuous Integration and Delivery?,PROVIDER_ERROR,DOC003;DOC018;DOC002;DOC022;DOC017,LLM_REFUSAL,"Based on the provided documentation, the available evidence is insufficient to explain how to configure a build pipeline in SAP Continuous Integration and Delivery. 

The retrieved documents only mention the existence of continuous integration and delivery offerings as part of SAP BTP's DevOps and deployment capabilities (as noted in [DOC003](https://help.sap.com/docs/btp/sap-business-technology-platform/deploying-to-cloud-foundry-environment) and [DOC018](https://help.sap.com/docs/BTP/df50977d8bfa4c9a8a063ddb37113c43/38ecf59cdda64150a102cfaa62d5faab.html)), but they do not provide specific configuration steps, commands, or interface instructions for setting up a pipeline.",,10903.84
