QUERY_ID,QUESTION,EXPECTED_SUPPORTED,EXPECTED_DOCUMENT_ID,CATEGORY,REFERENCE_FACT,NOTES
RAGDEV001,"Which SAP BTP environment is based on the Cloud Foundry application platform for running cloud applications?",1,DOC001,SUPPORTED,"The Cloud Foundry environment in SAP BTP is based on the Cloud Foundry application platform and is used to run cloud applications.","Rewritten to test platform basis rather than generic runtime availability."
RAGDEV002,"What documentation should a developer use to understand Cloud Foundry application development responsibilities before deployment administration begins?",1,DOC002,SUPPORTED,"The Cloud Foundry development documentation covers developing applications in the Cloud Foundry environment before deployment and operations activities.","Rewritten to test development-phase responsibility rather than a deployment workflow."
RAGDEV003,"Where is the Cloud Foundry deployment lifecycle documented after an application has already been developed?",1,DOC003,SUPPORTED,"The deploying documentation covers the deployment lifecycle for applications in the Cloud Foundry environment.","Rewritten to test lifecycle documentation placement rather than push command mechanics."
RAGDEV004,"Which documentation explains how managed service capabilities are represented for Cloud Foundry applications before credentials are attached?",1,DOC004,SUPPORTED,"Using services documentation covers service offerings and service instances that applications can consume in Cloud Foundry.","Rewritten to test service representation before credential attachment."
RAGDEV005,"What operation creates the relationship that lets a Cloud Foundry app consume an already-created service instance?",1,DOC005,SUPPORTED,"Binding an application to a service creates the relationship that lets the application consume the service instance.","Rewritten to test the app-service relationship rather than where credentials appear."
RAGDEV006,"Which SAP BTP Cloud Foundry setting mechanism supports changing application configuration values outside the application source code?",1,DOC006,SUPPORTED,"Environment variables let Cloud Foundry application configuration values be managed outside application source code.","Rewritten to test source-code separation rather than examples of values."
RAGDEV007,"Which Cloud Foundry documentation explains reserving and managing route addresses for applications?",1,DOC007,SUPPORTED,"Create Routes documentation covers creating and managing routes for Cloud Foundry applications.","Rewritten to test route administration rather than basic reachability."
RAGDEV008,"Which roles documentation should I consult before assigning different Cloud Foundry permissions to organization administrators and space developers?",1,DOC010,SUPPORTED,"Cloud Foundry role documentation describes organization and space roles and their permissions.","Rewritten to cover role assignment, a document not covered in the first draft."
RAGDEV009,"When troubleshooting, which SAP BTP documentation explains viewing recent output produced by Cloud Foundry application instances?",1,DOC011,SUPPORTED,"Application logs documentation covers viewing output produced by Cloud Foundry application instances.","Rewritten to cover log output rather than space organization."
RAGDEV010,"Which record type documents Cloud Foundry application lifecycle changes such as restaging or crashes?",1,DOC012,SUPPORTED,"Application events document lifecycle changes for Cloud Foundry applications.","Rewritten to cover events rather than regions."
RAGDEV011,"What credential artifact should I use when a service instance must be accessed without binding it to a running application?",1,DOC013,SUPPORTED,"Service keys provide credentials for a service instance without binding it to an application.","Rewritten to cover service keys rather than tools."
RAGDEV012,"Which Cloud Foundry administration documentation covers limits that can be assigned to a space for resource consumption?",1,DOC014,SUPPORTED,"Space quota documentation covers quota plans that limit resource consumption for Cloud Foundry spaces.","Rewritten to cover space quotas rather than route destinations."
RAGDEV013,"Which SAP BTP Cloud Foundry feature defines network traffic rules for application containers?",1,DOC015,SUPPORTED,"Security groups define network traffic rules for Cloud Foundry application containers.","Rewritten to cover security groups rather than platform overview."
RAGDEV014,"Which topic explains how application routes can work together with destination configuration for backend access?",1,DOC016,SUPPORTED,"Application routes and destinations documentation explains how routes and destinations relate for application access to backends.","Rewritten to cover routes and destinations rather than basic concepts."
RAGDEV015,"Which SAP BTP overview describes the platform as a basis for extension and integration across SAP landscapes?",1,DOC017,SUPPORTED,"SAP BTP is described as a platform for extending and integrating SAP solutions and building business applications.","Rewritten to cover platform overview rather than account model."
RAGDEV016,"Where should I look for SAP BTP terminology that defines environments, regions, accounts, entitlements, and quotas before reading service-specific guides?",1,DOC018,SUPPORTED,"Basic platform concepts introduce terminology such as environments, regions, accounts, entitlements, and quotas.","Rewritten to cover concept vocabulary rather than entitlement troubleshooting."
RAGDEV017,"How do I store and rotate application secrets with SAP Credential Store?",0,,NEAR_DOMAIN_UNSUPPORTED,,"Near-domain SAP Credential Store topic is outside the indexed corpus."
RAGDEV018,"How do I schedule a recurring job with SAP Job Scheduling Service?",0,,NEAR_DOMAIN_UNSUPPORTED,,"Near-domain SAP Job Scheduling Service topic is outside the indexed corpus."
RAGDEV019,"How do I configure a build pipeline in SAP Continuous Integration and Delivery?",0,,NEAR_DOMAIN_UNSUPPORTED,,"Near-domain SAP Continuous Integration and Delivery topic is outside the indexed corpus."
RAGDEV020,"How do I deploy static web assets to the SAP HTML5 Application Repository?",0,,NEAR_DOMAIN_UNSUPPORTED,,"Near-domain SAP HTML5 Application Repository topic is outside the indexed corpus."
RAGDEV021,"How do I choose strings for an acoustic guitar set?",0,,OUT_OF_SCOPE,,"Clearly outside SAP/BTP."
RAGDEV022,"What is the safest way to thaw frozen soup?",0,,OUT_OF_SCOPE,,"Clearly outside SAP/BTP."
RAGDEV023,"How should I plan a weekend itinerary for Lisbon?",0,,OUT_OF_SCOPE,,"Clearly outside SAP/BTP."
RAGDEV024,"What drills improve a tennis backhand return?",0,,OUT_OF_SCOPE,,"Clearly outside SAP/BTP."
