QUERY_ID,QUESTION,EXPECTED_SUPPORTED,EXPECTED_DOCUMENT_ID,CATEGORY
CAL001,Which source supports describing SAP BTP as a portfolio that spans application development automation integration data analytics and AI?,1,DOC017,supported_platform_overview
CAL002,Where would a product owner look for the high level value proposition of SAP Business Technology Platform before comparing individual services?,1,DOC017,supported_platform_overview
CAL003,Which documentation explains the platform vocabulary needed to reason about accounts commercial models environments and regions together?,1,DOC018,supported_basic_concepts
CAL004,Where can I find the conceptual map that separates environments from infrastructure providers and commercial account constructs?,1,DOC018,supported_basic_concepts
CAL005,Which account level would help a central team subdivide administration without directly hosting workloads?,1,DOC019,supported_account_model
CAL006,Where is the hierarchy described for assigning responsibility from a commercial contract down to deployable subaccount units?,1,DOC019,supported_account_model
CAL007,Which documentation explains why a visible service plan might still be unavailable until capacity is assigned?,1,DOC020,supported_entitlements_quotas
CAL008,Where should I check the distinction between being allowed to use a service and the amount of that service that is allocated?,1,DOC020,supported_entitlements_quotas
CAL009,Which source explains the location choice that determines the data center area used by SAP BTP resources?,1,DOC021,supported_regions
CAL010,Where can I verify how SAP groups availability by geographic hosting location rather than by account name?,1,DOC021,supported_regions
CAL011,Which documentation lists the management surfaces a team can use across graphical command line and IDE based SAP BTP work?,1,DOC022,supported_tools
CAL012,Where should an administrator look to compare cockpit CLI APIs and developer tooling for SAP BTP operations?,1,DOC022,supported_tools
CAL013,Which source explains the lifecycle and account option constraints for short term trial landscapes versus no cost service plans?,1,DOC023,supported_trial_free_tier
CAL014,Where can I check whether a no cost SAP BTP option is intended for learning experimentation or later conversion?,1,DOC023,supported_trial_free_tier
CAL015,Which documentation points a first time user toward guided setup paths after choosing an SAP BTP environment?,1,DOC024,supported_getting_started
CAL016,Where would I send someone who needs entry paths and tutorials rather than a reference page for a single service?,1,DOC024,supported_getting_started
CAL017,Which source explains Cloud Foundry as an application runtime environment within SAP BTP rather than as the whole platform?,1,DOC001,supported_cloud_foundry_concepts
CAL018,Which source describes the Cloud Foundry environment in terms of open technology support and application portability?,1,DOC001,supported_cloud_foundry_concepts
CAL019,Which documentation helps compare development entry points such as SAP Business Application Studio local IDEs and command line tooling?,1,DOC002,supported_cloud_foundry_development
CAL020,Where should a team check guidance on preparing source code and descriptors before the deployment phase starts?,1,DOC002,supported_cloud_foundry_development
CAL021,Which source covers the deployment stage that turns an application archive into a running Cloud Foundry app?,1,DOC003,supported_deployment
CAL022,Where can I check deployment prerequisites and mechanics after development is complete but before operations begin?,1,DOC003,supported_deployment
CAL023,Which documentation explains the marketplace based model for adding platform capabilities to Cloud Foundry applications?,1,DOC004,supported_services
CAL024,Where should I look when deciding whether an app needs a backing service such as persistence messaging or connectivity?,1,DOC004,supported_services
CAL025,Which source explains the operational step that links an already created service instance to a specific application?,1,DOC005,supported_service_bindings
CAL026,Where can I confirm how an app receives connection metadata after a service relationship is established?,1,DOC005,supported_service_bindings
CAL027,Which documentation describes supplying app settings through the platform environment instead of hardcoding them?,1,DOC006,supported_environment_variables
CAL028,Where should an operator look when adjusting runtime configuration values after an app has already been deployed?,1,DOC006,supported_environment_variables
CAL029,Which source explains the administrative object that must be reserved before mapping external traffic to an app?,1,DOC007,supported_routes
CAL030,Where can I learn how Cloud Foundry route creation uses domain and host information before application mapping?,1,DOC007,supported_routes
CAL031,Which documentation discusses forwarding route based requests to destinations instead of only to the local app process?,1,DOC016,supported_routes_destinations
CAL032,Where should I investigate the boundary between incoming application routes and outbound destination based connectivity?,1,DOC016,supported_routes_destinations
CAL033,How do I configure SAP Build Work Zone page layouts and widgets?,0,,unsupported_near_domain
CAL034,Which SAP Integration Suite adapter should I use for IDoc message processing?,0,,unsupported_near_domain
CAL035,How do I model a CAP entity with CDS annotations for Fiori Elements?,0,,unsupported_near_domain
CAL036,What are the steps to create an SAP HANA calculation view in Business Application Studio?,0,,unsupported_near_domain
CAL037,How can I configure principal propagation through SAP Cloud Connector?,0,,unsupported_near_domain
CAL038,What pricing metric applies to SAP Datasphere capacity units?,0,,unsupported_near_domain
CAL039,How do I set up event mesh queues and subscriptions for asynchronous messaging?,0,,unsupported_near_domain
CAL040,Which Kyma service binding secret format should my Kubernetes workload expect?,0,,unsupported_near_domain
CAL041,What is the best recipe for baking sourdough bread?,0,,unsupported_out_of_scope
CAL042,How do I repair a leaking bicycle hydraulic brake line?,0,,unsupported_out_of_scope
CAL043,What are the visa requirements for a tourist trip to Japan?,0,,unsupported_out_of_scope
CAL044,Can you summarize the plot of Hamlet act by act?,0,,unsupported_out_of_scope
CAL045,How should I train for a marathon if I only run twice a week?,0,,unsupported_out_of_scope
CAL046,What is the difference between a mortgage refinance and a home equity loan?,0,,unsupported_out_of_scope
CAL047,How do I remove mildew stains from bathroom grout?,0,,unsupported_out_of_scope
CAL048,Which camera settings should I use for night sky photography?,0,,unsupported_out_of_scope
